{
  "Ekerö": {
    "DMS": ["59° 17' 0\" N", "17° 48' 0\" E"],
    "DD": [59.2833, 17.8]
  },
  "Drottningholm": {
    "DMS": ["59° 19' 0\" N", "17° 53' 0\" E"],
    "DD": [59.3167, 17.8833]
  },
  "Bro": {
    "DMS": ["59° 30' 48\" N", "17° 38' 35\" E"],
    "DD": [59.5133, 17.6431]
  },
  "Rönninge": {
    "DMS": ["59° 11' 43\" N", "17° 44' 54\" E"],
    "DD": [59.195309, 17.74839]
  },
  "Vallentuna": {
    "DMS": ["59° 31' 46\" N", "18° 4' 47\" E"],
    "DD": [59.529515, 18.079872]
  },
  "Täby": {
    "DMS": ["59° 26' 54\" N", "18° 3' 40\" E"],
    "DD": [59.448254, 18.060969]
  }
}
